,atribute,average_value,max_value,min_value,standard_deviation
0,age,38.437901995888865,90,17,13.134664776855985
1,fnlwgt,189793.83393011073,1484705,13769,105652.971528519
2,education-num,10.12131158411246,16,1,2.549994918856736
3,capital-gain,1092.0078575691268,99999,0,7406.346496683503
4,capital-loss,88.37248856176646,4356,0,404.29837048637575
5,hours-per-week,40.93123798156621,99,1,11.979984229274882
