,atribute,average_value,max_value,min_value,standard_deviation
0,Clump_Thickness,4.44216691068814,10.0,1.0,2.820761318837128
1,Uniformity_of_Cell_Size,3.150805270863836,10.0,1.0,3.0651448557860443
2,Uniformity_of_Cell_Shape,3.2152269399707176,10.0,1.0,2.9885808183250244
3,Marginal_Adhesion,2.830161054172767,10.0,1.0,2.8645621904469936
4,Single_Epithelial_Cell_Size,3.234260614934114,10.0,1.0,2.223085456441795
5,Bare_Nuclei,3.5446559297218156,10.0,1.0,3.643857160492915
6,Bland_Chromatin,3.445095168374817,10.0,1.0,2.449696572512872
7,Normal_Nucleoli,2.869692532942899,10.0,1.0,3.052666407047357
8,Mitoses,1.603221083455344,10.0,1.0,1.7326741463370279
