,atribute,average_value,max_value,min_value,standard_deviation
0,Length,0.5239920995930094,0.815,0.075,0.12009291256479956
1,Diameter,0.40788125448886764,0.65,0.055,0.09923986613365945
2,Height,0.13951639932966242,1.13,0.0,0.041827056607257274
3,Whole_weight,0.8287421594445774,2.8255,0.002,0.4903890182309977
4,Shucked_weight,0.35936748862820206,1.4880000000000002,0.001,0.22196294903322014
5,Viscera_weight,0.18059360785252573,0.76,0.0005,0.10961425025968446
6,Shell_weight,0.23883085946851804,1.005,0.0015,0.1392026695223861
7,Rings,9.933684462532918,29.0,1.0,3.2241690320681284
